participant_id,participant_first_name,participant_last_name,participant_gender,participant_age,participant_city,participant_state,participant_emergency_name,participant_emergency_phone
001,Kyle,Ronning,F,27,Logan,UT,Kandace Knittel,(892) 755-2462
002,Alonzo,Both,F,33,Culver City,CA,Jose Jeffers,(293) 868-2623
003,Kanesha,Laub,F,41,Sandy,UT,Reginald Rethman,(426) 716-7451
004,Vannessa,Chew,F,34,Asheville,NC,Ambrose Arboleda,(531) 618-6121
005,Dong,Stoodley,M,38,Ogden,UT,Bailey Belliveau,(612) 714-7585
006,Vanna,Stallman,F,34,Missoula,MT,Jolene Jasinski,(317) 764-7686
007,Shanika,Dingle,M,48,Bozeman,MT,Fallon Ferriera,(419) 502-1274
008,Marcella,Gugino,F,34,Vancoucer,BC,Quentin Quick,(280) 623-4989
009,Juli,Mccary,F,41,Sandy,UT,Lynell Lundholm,(870) 397-0569
010,Ivory,Fujimoto,M,37,Kalamazoo,MI,Gustavo Goodale,(932) 623-4683
011,Vesta,Sitler,M,31,Logan,UT,Maryjo Moxley,(201) 703-4396
012,Naida,Deitz,M,39,Smithfield,UT,Ruth Rappa,(451) 814-3481
013,Leona,Ferris,F,47,Alta,UT,Sharika Solum,(435) 232-8581
014,Tim,Prokop,M,41,Spokane,WA,Doug Daniels,(621) 552-7793
015,Dia,Cervantez,M,36,Ogden,UT,Kendra Kreider,(249) 968-1881
016,Titus,Hinderliter,M,39,Rossland,BC,Demetrice Dacosta,(312) 547-2301
017,Hang,Moriarity,M,30,South Salt Lake,UT,Lura Lamont,(234) 889-5454
018,Thomasena,Ricks,M,34,Boulder,CO,Lucy Loll,(577) 593-3568
019,Darcie,Weide,M,40,Oceanside,CA,Exie Encinas,(336) 814-9407
020,Cyndi,Maliszewski,M,43,Spanish Fork,UT,Lashay Langenfeld,(482) 665-4733
021,Chiquita,Haakenson,F,50,Cape Town,ZAF,Coralee Costales,(292) 854-6238
022,Blair,Rogalski,F,32,Lakewood,CO,Adelina Andres,(248) 913-2803
023,Han,Bulmer,M,40,New Paltz,NY,Augusta Adolphson,(228) 820-1501
024,Wesley,Leming,F,41,Kailua,HI,Alpha Avendano,(305) 573-9358
025,Rebekah,Lant,F,41,Moab,UT,Irene Irvine,(371) 872-6349
026,Rachal,Mccallie,M,34,Johannesburg,ZAF,Garret Gledhill,(240) 303-0997
027,Kaley,Lennox,M,32,Helena,MT,Ying Yadon,(974) 408-9804
028,Evan,Blocker,F,37,Leavenworth,WA,Pennie Pon,(769) 587-3542
029,Omar,Vales,M,31,Salt Lake City,UT,Jules Jimerson,(801) 396-4164
030,Janee,Frakes,M,32,North Vancouver,BC,Deonna Dapolito,(849) 753-4834